card_id,url
LDGVPM,https://www.iconrev.com/activate?id=LDGVPM
UYPVEY,https://www.iconrev.com/activate?id=UYPVEY
WEYCPN,https://www.iconrev.com/activate?id=WEYCPN
MVWTTA,https://www.iconrev.com/activate?id=MVWTTA
HGLSYL,https://www.iconrev.com/activate?id=HGLSYL
MTZSFF,https://www.iconrev.com/activate?id=MTZSFF
NXVYFQ,https://www.iconrev.com/activate?id=NXVYFQ
HYKLGK,https://www.iconrev.com/activate?id=HYKLGK
UHSFSZ,https://www.iconrev.com/activate?id=UHSFSZ
VGTBQN,https://www.iconrev.com/activate?id=VGTBQN
SGLDKN,https://www.iconrev.com/activate?id=SGLDKN
YDSWHD,https://www.iconrev.com/activate?id=YDSWHD
GYZURC,https://www.iconrev.com/activate?id=GYZURC
WTDGPG,https://www.iconrev.com/activate?id=WTDGPG
BYZYGR,https://www.iconrev.com/activate?id=BYZYGR
RZXHFQ,https://www.iconrev.com/activate?id=RZXHFQ
WNQYWD,https://www.iconrev.com/activate?id=WNQYWD
EVQNWL,https://www.iconrev.com/activate?id=EVQNWL
GVSLXV,https://www.iconrev.com/activate?id=GVSLXV
LBAGBY,https://www.iconrev.com/activate?id=LBAGBY
SYRGRZ,https://www.iconrev.com/activate?id=SYRGRZ
PNTHCX,https://www.iconrev.com/activate?id=PNTHCX
NQMXVJ,https://www.iconrev.com/activate?id=NQMXVJ
NVQQXQ,https://www.iconrev.com/activate?id=NVQQXQ
FPKUXH,https://www.iconrev.com/activate?id=FPKUXH
YXCSHU,https://www.iconrev.com/activate?id=YXCSHU
ZNUHDX,https://www.iconrev.com/activate?id=ZNUHDX
MNQTBG,https://www.iconrev.com/activate?id=MNQTBG
VDYFKU,https://www.iconrev.com/activate?id=VDYFKU
XAWPPK,https://www.iconrev.com/activate?id=XAWPPK
ZGFPDB,https://www.iconrev.com/activate?id=ZGFPDB
ZQVWPU,https://www.iconrev.com/activate?id=ZQVWPU
ZYGSRK,https://www.iconrev.com/activate?id=ZYGSRK
EDREXH,https://www.iconrev.com/activate?id=EDREXH
AUYHQT,https://www.iconrev.com/activate?id=AUYHQT
AGMRDA,https://www.iconrev.com/activate?id=AGMRDA
XPRXLH,https://www.iconrev.com/activate?id=XPRXLH
PEHUJS,https://www.iconrev.com/activate?id=PEHUJS
TAYQQY,https://www.iconrev.com/activate?id=TAYQQY
EMMCTS,https://www.iconrev.com/activate?id=EMMCTS
YUFHXJ,https://www.iconrev.com/activate?id=YUFHXJ
YMRENP,https://www.iconrev.com/activate?id=YMRENP
NAQVUR,https://www.iconrev.com/activate?id=NAQVUR
RGYZHZ,https://www.iconrev.com/activate?id=RGYZHZ
QBMZFZ,https://www.iconrev.com/activate?id=QBMZFZ
YPRERY,https://www.iconrev.com/activate?id=YPRERY
DGZZRL,https://www.iconrev.com/activate?id=DGZZRL
PKADUF,https://www.iconrev.com/activate?id=PKADUF
YHNQZT,https://www.iconrev.com/activate?id=YHNQZT
QLSANR,https://www.iconrev.com/activate?id=QLSANR
VCHKEH,https://www.iconrev.com/activate?id=VCHKEH
GGJGAB,https://www.iconrev.com/activate?id=GGJGAB
DNJTWY,https://www.iconrev.com/activate?id=DNJTWY
DVUCTZ,https://www.iconrev.com/activate?id=DVUCTZ
HEEJGC,https://www.iconrev.com/activate?id=HEEJGC
VEMTHV,https://www.iconrev.com/activate?id=VEMTHV
XJFHPQ,https://www.iconrev.com/activate?id=XJFHPQ
QRVDWK,https://www.iconrev.com/activate?id=QRVDWK
JEAQJL,https://www.iconrev.com/activate?id=JEAQJL
CDEJKC,https://www.iconrev.com/activate?id=CDEJKC
DECPGG,https://www.iconrev.com/activate?id=DECPGG
TXRXQN,https://www.iconrev.com/activate?id=TXRXQN
DMFSZL,https://www.iconrev.com/activate?id=DMFSZL
YVHYXX,https://www.iconrev.com/activate?id=YVHYXX
MKBEJT,https://www.iconrev.com/activate?id=MKBEJT
VJKPJV,https://www.iconrev.com/activate?id=VJKPJV
HVCKTF,https://www.iconrev.com/activate?id=HVCKTF
LEKATT,https://www.iconrev.com/activate?id=LEKATT
RZXGZP,https://www.iconrev.com/activate?id=RZXGZP
RAFBSX,https://www.iconrev.com/activate?id=RAFBSX
XTJQUE,https://www.iconrev.com/activate?id=XTJQUE
WSBSQV,https://www.iconrev.com/activate?id=WSBSQV
PWBJKB,https://www.iconrev.com/activate?id=PWBJKB
PUFLVH,https://www.iconrev.com/activate?id=PUFLVH
CBLUGA,https://www.iconrev.com/activate?id=CBLUGA
ERESNR,https://www.iconrev.com/activate?id=ERESNR
RTWWTP,https://www.iconrev.com/activate?id=RTWWTP
LDASEU,https://www.iconrev.com/activate?id=LDASEU
RZGVHQ,https://www.iconrev.com/activate?id=RZGVHQ
CDFGBB,https://www.iconrev.com/activate?id=CDFGBB
VBATUE,https://www.iconrev.com/activate?id=VBATUE
WDPJSE,https://www.iconrev.com/activate?id=WDPJSE
UDHHDT,https://www.iconrev.com/activate?id=UDHHDT
PKBDLQ,https://www.iconrev.com/activate?id=PKBDLQ
TBMPEU,https://www.iconrev.com/activate?id=TBMPEU
TZCVZF,https://www.iconrev.com/activate?id=TZCVZF
WLHWFP,https://www.iconrev.com/activate?id=WLHWFP
FDCNEG,https://www.iconrev.com/activate?id=FDCNEG
BFXQET,https://www.iconrev.com/activate?id=BFXQET
GHSLTU,https://www.iconrev.com/activate?id=GHSLTU
UFVLNW,https://www.iconrev.com/activate?id=UFVLNW
GMDGZN,https://www.iconrev.com/activate?id=GMDGZN
KPJJNM,https://www.iconrev.com/activate?id=KPJJNM
YUTZZS,https://www.iconrev.com/activate?id=YUTZZS
EFHNEC,https://www.iconrev.com/activate?id=EFHNEC
HNWZNG,https://www.iconrev.com/activate?id=HNWZNG
WSLVLN,https://www.iconrev.com/activate?id=WSLVLN
WBCTCQ,https://www.iconrev.com/activate?id=WBCTCQ
VLCSNF,https://www.iconrev.com/activate?id=VLCSNF
QMGCFC,https://www.iconrev.com/activate?id=QMGCFC
